<?xml version="1.0" encoding="UTF-8"?>
<project-private xmlns="http://www.netbeans.org/ns/project-private/1">
    <editor-bookmarks xmlns="http://www.netbeans.org/ns/editor-bookmarks/2" lastBookmarkId="0"/>
    <open-files xmlns="http://www.netbeans.org/ns/projectui-open-files/2">
        <group>
            <file>file:/C:/Users/Carol/Documents/NetBeansProjects/Numerical/src/numerical/Graphical.java</file>
            <file>file:/C:/Users/Carol/Documents/NetBeansProjects/Numerical/src/numerical/FalsePosition.java</file>
            <file>file:/C:/Users/Carol/Documents/NetBeansProjects/Numerical/src/numerical/Bisection.java</file>
            <file>file:/C:/Users/Carol/Documents/NetBeansProjects/Numerical/src/numerical/Secant.java</file>
            <file>file:/C:/Users/Carol/Documents/NetBeansProjects/Numerical/src/numerical/SimpleFixedPoint.java</file>
            <file>file:/C:/Users/Carol/Documents/NetBeansProjects/Numerical/src/numerical/Start.java</file>
            <file>file:/C:/Users/Carol/Documents/NetBeansProjects/Numerical/src/numerical/Incremental.java</file>
            <file>file:/C:/Users/Carol/Documents/NetBeansProjects/Numerical/src/numerical/NewtonRapson.java</file>
        </group>
    </open-files>
</project-private>
